<?xml version="1.0" encoding="UTF-8"?>
<project-private xmlns="http://www.netbeans.org/ns/project-private/1">
    <editor-bookmarks xmlns="http://www.netbeans.org/ns/editor-bookmarks/2" lastBookmarkId="0"/>
    <open-files xmlns="http://www.netbeans.org/ns/projectui-open-files/2">
        <group>
            <file>file:/C:/Users/user/MotoMgtSystemClient25111/src/Mmodel/Client.java</file>
            <file>file:/C:/Users/user/MotoMgtSystemClient25111/src/Mservice/MottoService.java</file>
            <file>file:/C:/Users/user/MotoMgtSystemClient25111/src/Mview/Product_Client_View.java</file>
            <file>file:/C:/Users/user/MotoMgtSystemClient25111/src/Mview/Order_Motto_View.java</file>
            <file>file:/C:/Users/user/MotoMgtSystemClient25111/src/Mservice/ClientService.java</file>
            <file>file:/C:/Users/user/MotoMgtSystemClient25111/src/Mmodel/Motto.java</file>
        </group>
    </open-files>
</project-private>
