<?xml version="1.0" encoding="UTF-8"?>
<project-private xmlns="http://www.netbeans.org/ns/project-private/1">
    <editor-bookmarks xmlns="http://www.netbeans.org/ns/editor-bookmarks/2" lastBookmarkId="0"/>
    <open-files xmlns="http://www.netbeans.org/ns/projectui-open-files/2">
        <group>
            <file>file:/C:/Users/user/MotoMgtSytemServer25111/src/hibernate.cfg.xml</file>
            <file>file:/C:/Users/user/MotoMgtSytemServer25111/src/Mdao/MottoDao.java</file>
            <file>file:/C:/Users/user/MotoMgtSytemServer25111/src/Mservice/MottoService.java</file>
            <file>file:/C:/Users/user/MotoMgtSytemServer25111/src/Mcontroller/Server.java</file>
            <file>file:/C:/Users/user/MotoMgtSytemServer25111/src/MImplementation/MottoImplementation.java</file>
        </group>
    </open-files>
</project-private>
